{"client":"Thunder Client","collectionName":"book_store","dateExported":"2022-10-24T20:45:56.768Z","version":"1.1","folders":[],"requests":[{"_id":"880aade9-63b5-4bc3-8c06-ccfb572e750b","colId":"82f7e57d-9ba2-4ab3-9be3-3b3a81b06b2b","containerId":"","name":"modify_copies","url":"http://127.0.0.1:8000/api/copies/4?hardcovered=1&status=1&publication=2011","method":"PATCH","sortNum":10000,"created":"2022-10-02T14:39:30.171Z","modified":"2022-10-23T20:30:01.951Z","headers":[],"params":[{"name":"hardcovered","value":"1","isPath":false},{"name":"status","value":"1","isPath":false},{"name":"publication","value":"2011","isPath":false}],"auth":{"type":"basic","basic":{"username":"student1@gmail.com","password":"Aa123456"}},"tests":[{"type":"res-code","custom":"","action":"equal","value":"200"},{"type":"Content-Type","custom":"","action":"equal","value":"application/json"}]},{"_id":"f4065a2d-9f73-400a-bc27-3b84fef26a9b","colId":"82f7e57d-9ba2-4ab3-9be3-3b3a81b06b2b","containerId":"","name":"modify_user_password","url":"http://127.0.0.1:8000/api/users/password/2?password=Aa123","method":"PATCH","sortNum":15000,"created":"2022-10-24T20:41:31.582Z","modified":"2022-10-24T20:43:52.879Z","headers":[],"params":[{"name":"password","value":"Aa123","isPath":false}],"auth":{"type":"basic","basic":{"username":"student1@gmail.com","password":"Aa123456"}},"tests":[{"type":"res-code","custom":"","action":"equal","value":"200"},{"type":"Content-Type","custom":"","action":"equal","value":"application/json"}]},{"_id":"10a30311-248d-4b7c-9df9-5252cd9f5045","colId":"82f7e57d-9ba2-4ab3-9be3-3b3a81b06b2b","containerId":"","name":"new_copies","url":"http://127.0.0.1:8000/api/copies?book_id=3&hardcovered=0&publication=2000","method":"POST","sortNum":20000,"created":"2022-10-02T21:25:21.822Z","modified":"2022-10-23T20:32:45.222Z","headers":[],"params":[{"name":"book_id","value":"3","isPath":false},{"name":"hardcovered","value":"0","isPath":false},{"name":"publication","value":"2000","isPath":false}],"auth":{"type":"basic","basic":{"username":"student1@gmail.com","password":"Aa123456"}},"tests":[{"type":"res-code","custom":"","action":"equal","value":"200"},{"type":"Content-Type","custom":"","action":"equal","value":"application/json"}]},{"_id":"ce09e0f6-2b3b-47f8-877f-c7f0cb279525","colId":"82f7e57d-9ba2-4ab3-9be3-3b3a81b06b2b","containerId":"","name":"delete_copies","url":"http://127.0.0.1:8000/api/copies/8","method":"DELETE","sortNum":30000,"created":"2022-10-02T21:28:39.684Z","modified":"2022-10-23T20:33:33.680Z","headers":[],"params":[],"auth":{"type":"basic","basic":{"username":"student1@gmail.com","password":"Aa123456"}},"tests":[{"type":"res-code","custom":"","action":"equal","value":"200"},{"type":"Content-Type","custom":"","action":"equal","value":"application/json"}]},{"_id":"773870d4-9103-45b2-8676-befcef02d6b5","colId":"82f7e57d-9ba2-4ab3-9be3-3b3a81b06b2b","containerId":"","name":"get_copies","url":"http://127.0.0.1:8000/api/copies","method":"GET","sortNum":40000,"created":"2022-10-02T21:29:32.160Z","modified":"2022-10-04T13:11:18.995Z","headers":[],"params":[],"auth":{"type":"basic","basic":{"username":"student3@gmail.com","password":"Aa123456"}},"tests":[{"type":"res-code","custom":"","action":"equal","value":"200"},{"type":"Content-Type","custom":"","action":"equal","value":"application/json"}]},{"_id":"62980f56-8ed0-42d0-b2fa-ca206cb1b5ef","colId":"82f7e57d-9ba2-4ab3-9be3-3b3a81b06b2b","containerId":"","name":"get_copy","url":"http://127.0.0.1:8000/api/copies/2","method":"GET","sortNum":50000,"created":"2022-10-02T21:29:59.219Z","modified":"2022-10-02T21:30:26.090Z","headers":[],"params":[],"auth":{"type":"basic","basic":{"username":"student1@gmail.com","password":"Aa123456"}},"tests":[{"type":"res-code","custom":"","action":"equal","value":"200"},{"type":"Content-Type","custom":"","action":"equal","value":"application/json"}]},{"_id":"a8cdba56-b3af-4f74-9f93-fbe33ba00276","colId":"82f7e57d-9ba2-4ab3-9be3-3b3a81b06b2b","containerId":"","name":"get_book_admin","url":"http://127.0.0.1:8000/api/books/2","method":"GET","sortNum":60000,"created":"2022-10-23T20:35:51.623Z","modified":"2022-10-23T20:42:03.641Z","headers":[],"params":[],"tests":[{"type":"res-code","custom":"","action":"equal","value":"200"},{"type":"Content-Type","custom":"","action":"equal","value":"application/json"}]}]}
